Status,Nama Kapal,Flag State,Jenis Kapal,DWT,Capacity,EHP ME,No ME,MCR ME,PME,EHP AE,No AE,PAE,Vs,Vservice,Vref,MCRavg,Vapp,Vavg,Margin,Att. EEXI,Reference Line,Reduction Factor,Req. EEXI,Req - Att,Att/Req,Judgment
ACTIVE,ACACIA,PANAMA,Oil/Chemical Tanker,13565,13565,4900,1,4900,3675,43.8903,1,43.8903,10,5.1,9.898982992,4631.154792,13.14440569,13.57839448,0.678919724,12.35943774,11.73036658,0.1195625,10.32785462,-2.031583117,1.196709113,Not Comply
ACTIVE,ACADIA PARK,LIBERIA,Oil/Chemical Tanker,19996,19996,4900,1,4900,3675,183.75,2,367.5,5.3,5.3,5.246460986,5751.341177,12.48684212,13.86500506,0.693250253,9.69372231,9.706713226,0.19995,7.765855916,-1.927866394,1.248249055,Not Comply
ACTIVE,ABRAO COCHIN,PANAMA,Container,23623,23623,15785,1,15785,11838.75,545.96875,2,1091.9375,23,23,22.76766088,6312.227538,18.03963759,13.98997343,0.699498671,18.15222665,8.94839077,0.2,7.158712616,-10.99351404,2.535683107,Not Comply
ACTIVE,ACX CRYSTAL,PANAMA,Container,39565,39565,28880,1,28880,21660,791.5,3,2374.5,25.3,25.3,25.04442697,8418.206104,20.60897256,14.3837963,0.719189815,17.66643746,6.9573619,0.2,5.56588952,-12.10054794,3.174054641,Not Comply
ACTIVE,ACX DIAMOND,SINGAPORE,Container,39598,39598,28880,1,28880,21660,791.5,3,2374.5,24.8,24.8,24.54947782,8422.125136,20.60670023,14.38444185,0.719222093,17.65366117,6.954531826,0.2,5.563625461,-12.09003571,3.173049892,Not Comply
ACTIVE,ACX PEARL,LIBERIA,Container,39580,39580,28880,1,28880,21660,791.5,3,2374.5,25.7,25.7,25.44038629,8419.987661,20.60793942,14.3840898,0.71920449,17.66062759,6.956075067,0.2,5.564860054,-12.09576753,3.173597794,Not Comply
ACTIVE,AKA BHUM,SINGAPORE,Container,66940,66940,57200,1,57200,42900,1322.5,3,3967.5,28.8,28.8,28.50907102,11290.46747,24.14266635,14.79677008,0.739838504,17.34937191,5.382670806,0.2,4.306136645,-13.04323527,4.028987778,Not Comply
ACTIVE,ALEXANDRIA BRIDGE,PANAMA,Container,51314,51314,36160,1,36160,27120,928,3,2784,26.4,26.4,26.1333151,9733.317658,21.46174552,14.58653911,0.729326955,16.26253522,6.128262237,0.2,4.902609789,-11.35992543,3.317118008,Not Comply
ACTIVE,ALS SUMIRE,SINGAPORE,Container,17732,17732,9627,1,9627,7220.25,361.0125,3,1083.0375,20,20,19.79796598,5378.189579,15.88983737,13.77561168,0.688780584,17.73517336,10.29292189,0.17165,8.526141845,-9.209031516,2.080093633,Not Comply
ACTIVE,ANDERSON DRAGON,SINGAPORE,Container,21972,21972,15820,1,15820,11865,546.625,3,1639.875,21.5,21.5,21.28281343,6062.011252,18.2267802,13.93551759,0.69677588,20.27063185,9.270434408,0.2,7.416347527,-12.85428432,2.733236513,Not Comply
ACTIVE,ANL GIPPSLAND,LIBERIA,Container,90799,90799,64100,1,64100,48075,1451.875,3,4355.625,29,29,28.70705068,13385.14118,24.08587329,15.04159073,0.752079536,14.33953963,4.638620955,0.2,3.710896764,-10.62864286,3.864170991,Not Comply
ACTIVE,ANL TASMAN TRADER,PANAMA,Container,11793,11793,6900,1,6900,5175,258.75,3,776.25,17.4,17.4,17.22423041,4283.01506,15.00833684,13.47645917,0.673822959,20.23549652,12.55971509,0.0974125,11.33624185,-8.899254675,1.78502689,Not Comply
ACTIVE,APL ANTWERP,MALTA,Container,90647,90647,64100,1,64100,48075,1451.875,3,4355.625,29.1,29.1,28.80604051,13372.62757,24.091211,15.04023421,0.752011711,14.36040223,4.642415088,0.2,3.71393207,-10.64647016,3.866630288,Not Comply
ACTIVE,APL CALIFORNIA,MALTA,Container,72447,72447,62920,1,62920,47190,1429.75,3,4289.25,28.8,28.8,28.50907102,11799.93493,24.66276708,14.85987521,0.742993761,17.23366079,5.178959172,0.2,4.143167338,-13.09049345,4.159537712,Not Comply
ACTIVE,APL FLORIDA,MALTA,Container,72447,72447,62920,1,62920,47190,1429.75,3,4289.25,28.9,28.9,28.60806085,11799.93493,24.66276708,14.85987521,0.742993761,17.23366079,5.178959172,0.2,4.143167338,-13.09049345,4.159537712,Not Comply
ACTIVE,APL MINNESOTA,LIBERIA,Container,72912,72912,62920,1,62920,47190,1429.75,3,4289.25,28.9,28.9,28.60806085,11842.15651,24.6419069,14.86499388,0.743249694,17.13824806,5.162814583,0.2,4.130251666,-13.00799639,4.149444015,Not Comply
ACTIVE,APL NEW JERSEY,LIBERIA,Container,72912,72912,62920,1,62920,47190,1429.75,3,4289.25,28.6,28.6,28.31109136,11842.15651,24.6419069,14.86499388,0.743249694,17.13824806,5.162814583,0.2,4.130251666,-13.00799639,4.149444015,Not Comply
ACTIVE,ARAYA BHUM,SINGAPORE,Container,66940,66940,57200,1,57200,42900,1322.5,3,3967.5,28.8,28.8,28.50907102,11290.46747,24.14266635,14.79677008,0.739838504,17.34937191,5.382670806,0.2,4.306136645,-13.04323527,4.028987778,Not Comply
ACTIVE,ARCHERFISH,PANAMA,Container,6153,6153,2175,1,2175,1631.25,81.5625,3,244.6875,9.9,9.9,9.799993163,2978.655531,11.13192003,13.01268187,0.650634094,16.48253133,17.25273815,0.0269125,16.78842384,0.30589251,0.981779558,Comply
ACTIVE,ARGUS,LIBERIA,Container,81171,81171,61530,1,61530,46147.5,1403.6875,3,4211.0625,27.1,27.1,26.82624391,12573.22725,24.11442826,14.95110578,0.747555289,15.38934172,4.89942155,0.2,3.91953724,-11.46980448,3.926315984,Not Comply
ACTIVE,ARICA BRIDGE,PANAMA,Container,33304,33304,21735,1,21735,16301.25,657.53125,3,1972.59375,24.5,24.5,24.25250833,7646.337436,19.17808527,14.25102969,0.712551485,17.16823151,7.567530907,0.2,6.054024726,-11.11420679,2.835837693,Not Comply
ACTIVE,ARIES,LIBERIA,Container,81171,81171,61350,1,61350,46012.5,1400.3125,3,4200.9375,27.3,27.3,27.02422357,12573.22725,24.09089049,14.95110578,0.747555289,15.36006491,4.89942155,0.2,3.91953724,-11.44052767,3.91884653,Not Comply
ACTIVE,ASL BAUHINIA,HONG KONG,Container,24727,24727,10380,1,10380,7785,389.25,3,1167.75,16.5,16.5,16.33332194,6475.249432,15.59272086,14.02441265,0.701220633,13.9741584,8.751143155,0.2,7.000914524,-6.973243874,1.996047566,Not Comply
ACTIVE,ATHENA,ST. VINCENT AND THE GRENADINES,Container,29266,29266,18063,1,18063,13547.25,588.68125,3,1766.04375,22.7,22.7,22.47069139,7114.045435,18.34168758,14.15222107,0.707611054,17.1347959,8.060224194,0.2,6.448179356,-10.68661654,2.657307583,Not Comply
ACTIVE,ATHENS BRIDGE,PANAMA,Container,51314,51314,36160,1,36160,27120,928,3,2784,26.5,26.5,26.23230493,9733.317658,21.46174552,14.58653911,0.729326955,16.26253522,6.128262237,0.2,4.902609789,-11.35992543,3.317118008,Not Comply
ACTIVE,BAI CHAY BRIDGE,PANAMA,Container,52452,52452,33720,1,33720,25290,882.25,2,1764.5,26.2,26.2,25.93533544,9853.238249,20.90699046,14.60377238,0.730188619,14.7220806,6.0630139,0.2,4.85041112,-9.871669475,3.035223248,Not Comply
ACTIVE,BALTRUM,ANTIGUA AND BARBUDA,Container,24709,24709,10380,1,10380,7785,389.25,3,1167.75,18.8,18.8,18.61008803,6472.617565,15.59422269,14.02386291,0.701193146,13.9829915,8.754253589,0.2,7.003402871,-6.979588632,1.996599619,Not Comply
ACTIVE,BANGKOK BRIDGE,PANAMA,Container,52118,52118,40680,1,40680,30510,1012.75,3,3038.25,27.4,27.4,27.1232134,9818.162079,22.27526614,14.59875143,0.729937572,17.30119145,6.081944149,0.2,4.865555319,-12.43563613,3.55585135,Not Comply
ACTIVE,BAY BRIDGE,PANAMA,Container,52118,52118,40680,1,40680,30510,1012.75,3,3038.25,28.3,28.3,28.01412187,9818.162079,22.27526614,14.59875143,0.729937572,17.30119145,6.081944149,0.2,4.865555319,-12.43563613,3.55585135,Not Comply
ACTIVE,BEAR MOUNTAIN BRIDGE,PANAMA,Container,52118,52118,40680,1,40680,30510,1012.75,3,3038.25,27.2,27.2,26.92523374,9818.162079,22.27526614,14.59875143,0.729937572,17.30119145,6.081944149,0.2,4.865555319,-12.43563613,3.55585135,Not Comply
ACTIVE,BELAWAN,HONG KONG,Container,21973,21973,15820,1,15820,11865,546.625,3,1639.875,21.7,21.7,21.48079309,6062.165272,18.22667049,13.93555173,0.696777587,20.26983133,9.270228518,0.2,7.416182814,-12.85364852,2.733189275,Not Comply
ACTIVE,BF CARODA,PORTUGAL,Container,11202,11202,8400,1,8400,6300,315,3,945,12.8,12.8,12.67069823,4161.83027,16.13475679,13.43921322,0.671960661,24.12364537,12.878824,0.090025,11.71940787,-12.4042375,2.058435515,Not Comply
ACTIVE,BF CARP,CYPRUS,Container,12083,12083,9600,1,9600,7200,360,3,1080,13.1,13.1,12.96766772,4341.497055,16.70108084,13.49409403,0.674704701,24.69298091,12.41169672,0.1010375,11.15764991,-13.535331,2.213098735,Not Comply
ACTIVE,BF ESPERANZA,ANTIGUA AND BARBUDA,Container,11170,11170,8400,1,8400,6300,315,3,945,14.4,14.4,14.25453551,4155.189023,16.14086252,13.43714384,0.671857192,24.18360361,12.8968158,0.089625,11.74093869,-12.44266492,2.059767473,Not Comply
ACTIVE,BF FORTALEZA,CYPRUS,Container,7202,7202,5300,1,5300,3975,198.75,3,596.25,15.4,15.4,15.24443381,3252.268537,14.67124809,13.1234181,0.656170905,26.03618404,15.97700328,0.040025,15.33752373,-10.69866031,1.697548085,Not Comply
ACTIVE,BF GIANT,LIBERIA,Container,51533,51533,36160,1,36160,27120,928,3,2784,19.8,19.8,19.59998633,9756.486105,21.44966061,14.58988344,0.729494172,16.20254776,6.115539249,0.2,4.892431399,-11.31011636,3.311757782,Not Comply
ACTIVE,BF HAMBURG,LIBERIA,Container,72982,72982,62920,1,62920,47190,1429.75,3,4289.25,29.1,29.1,28.80604051,11848.50213,24.6387797,14.86576175,0.743288088,17.12398319,5.160397479,0.2,4.128317983,-12.99566521,4.147932224,Not Comply
ACTIVE,BF LETICIA,CYPRUS,Container,11170,11170,8400,1,8400,6300,315,3,945,12.5,12.5,12.37372874,4155.189023,16.14086252,13.43714384,0.671857192,24.18360361,12.8968158,0.089625,11.74093869,-12.44266492,2.059767473,Not Comply
ACTIVE,BF PERCH,CYPRUS,Container,11968,11968,9600,1,9600,7200,360,3,1080,16.2,16.2,16.03635245,4318.380918,16.72221742,13.48714932,0.674357466,24.89874331,12.46975481,0.0996,11.22776723,-13.67097608,2.217604159,Not Comply
ACTIVE,BF PHILIPP,ANTIGUA AND BARBUDA,Container,6832,6832,2100,1,2100,1575,78.75,3,236.25,11.4,11.4,11.28484061,3157.906794,10.8511952,13.0862127,0.654310635,14.70332315,16.39355307,0.0354,15.81322129,1.109898145,0.929812015,Comply
ACTIVE,BF TIGER,ANTIGUA AND BARBUDA,Container,39266,39266,25270,1,25270,18952.5,723.8125,3,2171.4375,17.8,17.8,17.62018973,8382.631258,19.73155955,14.37792391,0.718896195,16.34947313,6.98316517,0.2,5.586532136,-10.762941,2.926587145,Not Comply
ACTIVE,BF TROUT,CYPRUS,Container,11983,11983,9600,1,9600,7200,360,3,1080,14.8,14.8,14.65049483,4321.401613,16.71944747,13.48805872,0.674402936,24.87169561,12.46213503,0.0997875,11.21856973,-13.65312588,2.217011277,Not Comply
ACTIVE,BHUDTHI BHUM,SINGAPORE,Container,72807,72807,62920,1,62920,47190,1429.75,3,4289.25,28.8,28.8,28.50907102,11832.63303,24.64660407,14.86384076,0.743192038,17.15969337,5.16644672,0.2,4.133157376,-13.026536,4.151715459,Not Comply
ACTIVE,BIGLI,LIBERIA,Container,72968,72968,62920,1,62920,47190,1429.75,3,4289.25,28.1,28.1,27.81614221,11847.23323,24.63940487,14.86560823,0.743280412,17.12683412,5.160880623,0.2,4.128704499,-12.99812962,4.148234422,Not Comply
ACTIVE,BMI EAGLE,LIBERIA,Container,6231,6231,4200,1,4200,3150,157.5,3,472.5,13.5,13.5,13.36362704,2999.676569,13.83916433,13.02150877,0.651075438,25.28152773,17.14700454,0.0278875,16.66881745,-8.612710276,1.516695938,Not Comply
ACTIVE,BORKUM,ANTIGUA AND BARBUDA,Container,24769,24769,10380,1,10380,7785,389.25,3,1167.75,18,18,17.81816939,6481.387166,15.58922141,14.02569392,0.701284696,13.95359445,8.743898561,0.2,6.995118849,-6.958475602,1.994761598,Not Comply
ACTIVE,BOTANY,SINGAPORE,Container,32971,32971,25270,1,25270,18952.5,723.8125,3,2171.4375,16.8,16.8,16.63029143,7603.561405,20.1928514,14.24332277,0.712166138,19.02620046,7.604733011,0.2,6.083786408,-12.94241405,3.127361676,Not Comply
ACTIVE,BREMEN BELLE,SINGAPORE,Container,66940,66940,57200,1,57200,42900,1322.5,3,3967.5,28.7,28.7,28.41008119,11290.46747,24.14266635,14.79677008,0.739838504,17.34937191,5.382670806,0.2,4.306136645,-13.04323527,4.028987778,Not Comply
ACTIVE,BRIGHT COSMOS,PANAMA,Container,28451,28451,12000,1,12000,9000,450,3,1350,13.2,13.2,13.06665755,7002.757879,16.06418331,14.13072141,0.70653607,13.62845738,8.172084491,0.2,6.537667593,-7.090789788,2.084605433,Not Comply
ACTIVE,BRIGHT LAEM CHABANG,SINGAPORE,Container,17852,17852,12640,1,12640,9480,474,3,1422,20.8,20.8,20.58988462,5398.478017,17.38404161,13.78061401,0.689030701,21.14127056,10.25909967,0.17315,8.48273656,-12.658534,2.492270084,Not Comply
ACTIVE,BRIGHT SAKURA,PANAMA,Container,35729,35729,14200,1,14200,10650,516.25,3,1548.75,16.5,16.5,16.33332194,7952.323641,16.48710542,14.30504989,0.715252495,12.45711061,7.312371803,0.2,5.849897442,-6.607213172,2.12945795,Not Comply
ACTIVE,BROOKLYN BRIDGE,JAPAN,Container,52055,52055,40680,1,40680,30510,1012.75,3,3038.25,27.3,27.3,27.02422357,9811.534796,22.27882976,14.59780096,0.729890048,17.3193596,6.08553507,0.2,4.868428056,-12.45093154,3.557484962,Not Comply
ACTIVE,BURAK BAYRAKTAR,TURKEY,Container,11656,11656,5920,1,5920,4440,222,3,666,13.5,13.5,13.36362704,4255.166577,14.28327982,13.46798505,0.673399252,18.45720198,12.6315391,0.0957,11.42270081,-7.034501176,1.615835195,Not Comply
ACTIVE,CALA PAGURO,LIBERIA,Container,21442,21442,15820,1,15820,11865,546.625,3,1639.875,21.7,21.7,21.48079309,5979.939392,18.285736,13.91721302,0.695860651,20.70470732,9.381558331,0.2,7.505246665,-13.19946065,2.75869778,Not Comply
ACTIVE,CALLAO BRIDGE,PANAMA,Container,33443,33443,21725,1,21725,16293.75,657.34375,3,1972.03125,23.7,23.7,23.46058969,7664.13697,19.16458395,14.25422515,0.712711258,17.10140824,7.552165417,0.2,6.041732334,-11.05967591,2.83054715,Not Comply
ACTIVE,CALYPSO,LIBERIA,Container,21423,21423,15820,1,15820,11865,546.625,3,1639.875,21.4,21.4,21.1838236,5976.980653,18.28788006,13.91654889,0.695827445,20.72064071,9.385617803,0.2,7.508494243,-13.21214646,2.759626636,Not Comply
ACTIVE,CAP ANDREAS,LIBERIA,Container,80547,80547,27060,1,27060,20295,757.375,3,2272.125,22.8,22.8,22.56968122,12519.17591,18.35694994,14.94489615,0.747244807,9.149854794,4.917907469,0.2,3.934325975,-5.215528819,2.325647354,Not Comply
ACTIVE,CAP SAN ARTEMISSIO,PANAMA,Container,131095,131095,40670,1,40670,30502.5,1012.5625,3,3037.6875,17.5,17.5,17.32322024,16431.16105,19.71539596,15.34192747,0.767096373,7.76946154,3.877487578,0.2,3.101990062,-4.667471478,2.504670029,Not Comply
ACTIVE,CAP SAN MALEAS,PANAMA,Container,131095,131095,40670,1,40670,30502.5,1012.5625,3,3037.6875,16.5,16.5,16.33332194,16431.16105,19.71539596,15.34192747,0.767096373,7.76946154,3.877487578,0.2,3.101990062,-4.667471478,2.504670029,Not Comply
ACTIVE,CAP SAN SOUNIO,PANAMA,Container,131095,131095,40670,1,40670,30502.5,1012.5625,3,3037.6875,17.9,17.9,17.71917956,16431.16105,19.71539596,15.34192747,0.767096373,7.76946154,3.877487578,0.2,3.101990062,-4.667471478,2.504670029,Not Comply
ACTIVE,CAP SAN TAINARO,PANAMA,Container,131095,131095,40670,1,40670,30502.5,1012.5625,3,3037.6875,17.2,17.2,17.02625075,16431.16105,19.71539596,15.34192747,0.767096373,7.76946154,3.877487578,0.2,3.101990062,-4.667471478,2.504670029,Not Comply
ACTIVE,CARDIFF,LIBERIA,Container,80551,80551,27060,1,27060,20295,757.375,3,2272.125,22.6,22.6,22.37170156,12519.52298,18.35682938,14.9449361,0.747246805,9.149460522,4.917788291,0.2,3.934230633,-5.215229889,2.325603498,Not Comply
ACTIVE,CEBU,ANTIGUA AND BARBUDA,Container,24773,24773,10380,1,10380,7785,389.25,3,1167.75,18.1,18.1,17.91715922,6481.971472,15.58888848,14.02581583,0.701290792,13.95163938,8.743209553,0.2,6.994567642,-6.957071733,1.994639281,Not Comply
ACTIVE,CEZANNE,SINGAPORE,Container,116851,116851,41480,1,41480,31110,1027.75,3,3083.25,22.5,22.5,22.27271173,15409.23587,20.1496298,15.24722882,0.762361441,8.694317744,4.101359306,0.2,3.281087445,-5.413230299,2.64982811,Not Comply
ACTIVE,CMA CGM BLOSSOM,PANAMA,Container,11817,11817,6900,1,6900,5175,258.75,3,776.25,13.8,13.8,13.66059653,4287.878886,15.0043019,13.47793409,0.673896705,20.19982944,12.5472605,0.0977125,11.32123631,-8.878593137,1.784242365,Not Comply
ACTIVE,CNC CHEETAH,MALTA,Container,38897,38897,16920,1,16920,12690,567.25,3,1701.75,19.1,19.1,18.90705752,8338.562465,17.28364924,14.37061809,0.718530905,12.86290976,7.015415297,0.2,5.612332238,-7.250577522,2.291900981,Not Comply
ACTIVE,CNC JAGUAR,MALTA,Container,38883,38883,16920,1,16920,12690,567.25,3,1701.75,15.1,15.1,14.94746432,8336.88685,17.28447215,14.37033962,0.718516981,12.86692849,7.016647838,0.2,5.613318271,-7.253610215,2.292214314,Not Comply
ACTIVE,CNC JUPITER,MALTA,Container,22081,22081,13400,1,13400,10050,501.25,3,1503.75,14.5,14.5,14.35352534,6078.781333,17.23422758,13.93923027,0.696961514,18.27086405,9.248074114,0.2,7.398459291,-10.87240476,2.469549852,Not Comply
ACTIVE,CNC LEOPARD,SINGAPORE,Container,38904,38904,16920,1,16920,12690,567.25,3,1701.75,19.9,19.9,19.69897616,8339.400172,17.28323791,14.3707573,0.718537865,12.86090141,7.014799274,0.2,5.611839419,-7.24906199,2.291744373,Not Comply
ACTIVE,CNC MARS,SINGAPORE,Container,22081,22081,13400,1,13400,10050,501.25,3,1503.75,15.2,15.2,15.04645415,6078.781333,17.23422758,13.93923027,0.696961514,18.27086405,9.248074114,0.2,7.398459291,-10.87240476,2.469549852,Not Comply
ACTIVE,CNC NEPTUNE,SINGAPORE,Container,22081,22081,13400,1,13400,10050,501.25,3,1503.75,16.3,16.3,16.13534228,6078.781333,17.23422758,13.93923027,0.696961514,18.27086405,9.248074114,0.2,7.398459291,-10.87240476,2.469549852,Not Comply
ACTIVE,CNC PANTHER,SINGAPORE,Container,38921,38921,16920,1,16920,12690,567.25,3,1701.75,16.4,16.4,16.23433211,8341.434327,17.28223931,14.37109526,0.718554763,12.8560268,7.013303904,0.2,5.610643123,-7.245383673,2.291364201,Not Comply
ACTIVE,CNC PUMA,MALTA,Container,38938,38938,16920,1,16920,12690,567.25,3,1701.75,17.3,17.3,17.12524058,8343.46809,17.28124121,14.37143308,0.718571654,12.85115616,7.011809506,0.2,5.609447605,-7.241708553,2.290984258,Not Comply
ACTIVE,CNC SATURN,MALTA,Container,22081,22081,13400,1,13400,10050,501.25,3,1503.75,15.5,15.5,15.34342364,6078.781333,17.23422758,13.93923027,0.696961514,18.27086405,9.248074114,0.2,7.398459291,-10.87240476,2.469549852,Not Comply
ACTIVE,CONCERTO,MARSHALL ISLANDS,Container,13684,13684,6950,1,6950,5212.5,260.625,3,781.875,18.1,18.1,17.91715922,4653.791548,14.75147716,13.58478011,0.679239006,17.87137094,11.68047407,0.12105,10.26655268,-7.604818257,1.740737275,Not Comply
ACTIVE,CONFIDENCE,MARSHALL ISLANDS,Container,13701,13701,6950,1,6950,5212.5,260.625,3,781.875,16.6,16.6,16.43231177,4657.01826,14.74905511,13.58568806,0.679284403,17.85212755,11.67339926,0.1212625,10.25785368,-7.594273876,1.740337513,Not Comply
ACTIVE,CONSCIENCE,MARSHALL ISLANDS,Container,13707,13707,6950,1,6950,5212.5,260.625,3,781.875,17.6,17.6,17.42221007,4658.156677,14.74820108,13.58600825,0.679300413,17.84534641,11.67090538,0.1213375,10.2547869,-7.590559516,1.740196709,Not Comply
ACTIVE,CONSERO,MARSHALL ISLANDS,Container,13684,13684,6950,1,6950,5212.5,260.625,3,781.875,16.9,16.9,16.72928126,4653.791548,14.75147716,13.58478011,0.679239006,17.87137094,11.68047407,0.12105,10.26655268,-7.604818257,1.740737275,Not Comply
ACTIVE,CONSIGNIA,MARSHALL ISLANDS,Container,13673,13673,6950,1,6950,5212.5,260.625,3,781.875,19.9,19.9,19.69897616,4651.702732,14.75304619,13.58419205,0.679209603,17.88384635,11.68505886,0.1209125,10.27218918,-7.61165717,1.740996591,Not Comply
ACTIVE,CONSILIA,MARSHALL ISLANDS,Container,13686,13686,6950,1,6950,5212.5,260.625,3,781.875,13.9,13.9,13.75958636,4654.171253,14.75119204,13.58488699,0.679244349,17.86910469,11.67964106,0.121075,10.26552852,-7.603576177,1.740690181,Not Comply
ACTIVE,CONSISTENCE,MARSHALL ISLANDS,Container,13709,13709,6950,1,6950,5212.5,260.625,3,781.875,10.8,10.8,10.69090163,4658.536101,14.74791649,13.58611495,0.679305748,17.84308727,11.67007445,0.1213625,10.25376504,-7.589322228,1.740149808,Not Comply
ACTIVE,CONTESSA,MARSHALL ISLANDS,Container,13687,13687,6950,1,6950,5212.5,260.625,3,781.875,18.2,18.2,18.01614905,4654.361097,14.75104949,13.58494042,0.679247021,17.8679718,11.67922462,0.1210875,10.26501651,-7.602955293,1.74066664,Not Comply
ACTIVE,CONTRIVIA,MARSHALL ISLANDS,Container,13706,13706,6950,1,6950,5212.5,260.625,3,781.875,17.4,17.4,17.22423041,4657.966956,14.74834339,13.58595489,0.679297745,17.84647622,11.67132091,0.121325,10.2552979,-7.591178316,1.740220166,Not Comply
ACTIVE,D ANGELS,PANAMA,Container,37115,37115,21735,1,21735,16301.25,657.53125,3,1972.59375,24.2,24.2,23.95553884,8123.090745,18.90523862,14.33438655,0.716719327,15.62771836,7.17781576,0.2,5.742252608,-9.885465752,2.721530979,Not Comply
ACTIVE,DA BAO,LIBERIA,Container,21935,21935,15820,1,15820,11865,546.625,3,1639.875,21.5,21.5,21.28281343,6056.310304,18.23084345,13.93425337,0.696712668,20.30029889,9.27806216,0.2,7.422449728,-12.87784916,2.734986377,Not Comply
ACTIVE,DALI,SINGAPORE,Container,116851,116851,41480,1,41480,31110,1027.75,3,3083.25,17.6,17.6,17.42221007,15409.23587,20.1496298,15.24722882,0.762361441,8.694317744,4.101359306,0.2,3.281087445,-5.413230299,2.64982811,Not Comply
ACTIVE,DANUM 160,MALAYSIA,Container,13177,13177,4440,1,4440,3330,166.5,3,499.5,15.2,15.2,15.04645415,4556.731148,12.7684089,13.55719955,0.677859978,13.69781459,11.89767143,0.1147125,10.5328598,-3.164954793,1.3004839,Not Comply
ACTIVE,DANUM 171,MALAYSIA,Container,15639,15639,8561,1,8561,6420.75,321.0375,3,963.1125,19.6,19.6,19.40200667,5013.993026,15.53620927,13.68278596,0.684139298,18.28908997,10.94355597,0.1454875,9.351405372,-8.937684594,1.955758438,Not Comply
ACTIVE,DANUM 172,MALAYSIA,Container,17224,17224,9627,1,9627,7220.25,361.0125,3,1083.0375,20.2,20.2,19.99594564,5291.621798,15.95104064,13.75407405,0.687703702,18.18819386,10.43996506,0.1653,8.714238839,-9.473955026,2.087181015,Not Comply
ACTIVE,DELOS WAVE,MARSHALL ISLANDS,Container,39357,39357,25270,1,25270,18952.5,723.8125,3,2171.4375,17.6,17.6,17.42221007,8393.471013,19.72551959,14.37971562,0.718985781,16.31666505,6.97528113,0.2,5.580224904,-10.73644014,2.924015667,Not Comply
ACTIVE,DELPHINUS C ,LIBERIA,Container,65950,65950,51390,1,51390,38542.5,1213.5625,3,3640.6875,27.6,27.6,27.32119306,11196.94319,23.34184869,14.78490698,0.739245349,16.39704789,5.421951435,0.2,4.337561148,-12.05948674,3.780245933,Not Comply
ACTIVE,DIMITRA C,MALTA,Container,74453,74453,60390,1,60390,45292.5,1382.3125,3,4146.9375,28.8,28.8,28.50907102,11981.23478,24.23995291,14.88173898,0.744086949,16.38697116,5.110388663,0.2,4.088310931,-12.29866023,4.008249724,Not Comply
ACTIVE,DONG FANG SHUN,HONG KONG,Container,8853,8853,4471,1,4471,3353.25,167.6625,3,502.9875,17,17,16.82827109,3649.449372,13.48926204,13.2700373,0.663501865,19.43334925,14.44615595,0.0606625,13.56981602,-5.863533233,1.432101159,Not Comply
ACTIVE,DONG FANG XING,HONG KONG,Container,6832,6832,3353,1,3353,2514.75,125.7375,3,377.2125,16.5,16.5,16.33332194,3157.906794,12.68281514,13.0862127,0.654310635,20.08591751,16.39355307,0.0354,15.81322129,-4.272696213,1.270197712,Not Comply
ACTIVE,DUYGU,VANUATU,Container,6273,6273,3360,1,3360,2520,126,3,378,14.8,14.8,14.65049483,3010.947442,12.83573271,13.0262185,0.651310925,21.66032488,17.09088316,0.0284125,16.60528844,-5.055036436,1.304423284,Not Comply
ACTIVE,EASLINE KWANGYANG,PANAMA,Container,24924,24924,13753,1,13753,10314.75,507.86875,3,1523.60625,21.9,21.9,21.67877275,6503.998637,17.10800898,14.03040466,0.701520233,16.70472407,8.717319971,0.2,6.973855977,-9.730868092,2.395335396,Not Comply
ACTIVE,EASLINE LIANYUNGANG,PANAMA,Container,17704,17704,9627,1,9627,7220.25,361.0125,3,1083.0375,19.9,19.9,19.69897616,5373.446891,15.89315881,13.77443987,0.688721993,17.75951041,10.30086278,0.1713,8.536324986,-9.223185426,2.080463249,Not Comply
ACTIVE,EASLINE OSAKA,PANAMA,Container,24973,24973,13753,1,13753,10314.75,507.86875,3,1523.60625,22.3,22.3,22.07473207,6511.133848,17.10356561,14.0318881,0.701594405,16.67627865,8.708968818,0.2,6.967175054,-9.709103596,2.393549541,Not Comply
ACTIVE,EASLINE YANTAI,PANAMA,Container,17705,17705,9627,1,9627,7220.25,361.0125,3,1083.0375,20.3,20.3,20.09493547,5373.61633,15.89304008,13.77448175,0.688724087,17.75863999,10.30057886,0.1713125,8.53596094,-9.222679054,2.080450007,Not Comply
ACTIVE,ELA,LIBERIA,Container,23373,23373,16660,1,16660,12495,562.375,3,1687.125,17.4,17.4,17.22423041,6274.847198,18.39285086,13.98196347,0.699098174,19.82418239,8.994971456,0.2,7.195977165,-12.62820523,2.754897902,Not Comply
ACTIVE,EMILIA,ANTIGUA AND BARBUDA,Container,7131,7131,5300,1,5300,3975,198.75,3,596.25,14.8,14.8,14.65049483,3234.330404,14.6904845,13.11642112,0.655821056,26.26098158,16.05443524,0.0391375,15.42610478,-10.8348768,1.702372826,Not Comply
ACTIVE,EMORA,PANAMA,Container,25864,25864,16660,1,16660,12495,562.375,3,1687.125,18,18,17.81816939,6639.817114,18.1481449,14.05839278,0.702919639,18.15644688,8.561245443,0.2,6.848996354,-11.30745053,2.6509646,Not Comply
ACTIVE,EPONYMA,BAHAMAS,Container,11817,11817,7300,1,7300,5475,273.75,3,821.25,15.6,15.6,15.44241347,4287.878886,15.28881118,13.47793409,0.673896705,20.97314449,12.5472605,0.0977125,11.32123631,-9.65190818,1.852548955,Not Comply
ACTIVE,ESTIMA,BAHAMAS,Container,11786,11786,7300,1,7300,5475,273.75,3,821.25,20,20,19.79796598,4281.595621,15.29412359,13.47602845,0.673801423,21.0210047,12.56335479,0.097325,11.34062628,-9.680378415,1.853601748,Not Comply
ACTIVE,EVER AIM,PANAMA,Container,241960,241960,58600,1,58600,43950,1348.75,3,4046.25,18.9,18.9,18.70907786,23134.13733,20.53425203,15.85649448,0.792824724,5.778937094,2.875183587,0.15,2.443906049,-3.335031045,2.364631446,Not Comply
ACTIVE,EVER ALP,PANAMA,Container,241960,241960,58600,1,58600,43950,1348.75,3,4046.25,21.7,21.7,21.48079309,23134.13733,20.53425203,15.85649448,0.792824724,5.778937094,2.875183587,0.15,2.443906049,-3.335031045,2.364631446,Not Comply
ACTIVE,EVER ARM,TAIWAN,Container,241960,241960,58600,1,58600,43950,1348.75,3,4046.25,16.9,16.9,16.72928126,23134.13733,20.53425203,15.85649448,0.792824724,5.778937094,2.875183587,0.15,2.443906049,-3.335031045,2.364631446,Not Comply
ACTIVE,EVER ART,TAIWAN,Container,241960,241960,58600,1,58600,43950,1348.75,3,4046.25,16,16,15.83837279,23134.13733,20.53425203,15.85649448,0.792824724,5.778937094,2.875183587,0.15,2.443906049,-3.335031045,2.364631446,Not Comply
ACTIVE,EVER BALMY,TAIWAN,Container,37301,37301,24260,1,24260,18195,704.875,3,2114.625,17.4,17.4,17.22423041,8145.791561,19.59771406,14.33824434,0.716912217,16.66317026,7.160326959,0.2,5.728261567,-10.9349087,2.908940185,Not Comply
ACTIVE,EVER BASIS,TAIWAN,Container,37301,37301,24260,1,24260,18195,704.875,3,2114.625,20.9,20.9,20.68887445,8145.791561,19.59771406,14.33824434,0.716912217,16.66317026,7.160326959,0.2,5.728261567,-10.9349087,2.908940185,Not Comply
ACTIVE,EVER BEADY,TAIWAN,Container,37301,37301,24260,1,24260,18195,704.875,3,2114.625,19.8,19.8,19.59998633,8145.791561,19.59771406,14.33824434,0.716912217,16.66317026,7.160326959,0.2,5.728261567,-10.9349087,2.908940185,Not Comply
ACTIVE,EVER BEAMY,TAIWAN,Container,37301,37301,24260,1,24260,18195,704.875,3,2114.625,16.1,16.1,15.93736262,8145.791561,19.59771406,14.33824434,0.716912217,16.66317026,7.160326959,0.2,5.728261567,-10.9349087,2.908940185,Not Comply
ACTIVE,EVER BEFIT,TAIWAN,Container,36972,36972,24260,1,24260,18195,704.875,3,2114.625,20.4,20.4,20.1939253,8105.603778,19.62069011,14.33140815,0.716570407,16.79176319,7.191350373,0.2,5.753080298,-11.03868289,2.91874306,Not Comply
ACTIVE,EVER BEING,TAIWAN,Container,36972,36972,24260,1,24260,18195,704.875,3,2114.625,16.3,16.3,16.13534228,8105.603778,19.62069011,14.33140815,0.716570407,16.79176319,7.191350373,0.2,5.753080298,-11.03868289,2.91874306,Not Comply
ACTIVE,EVER BLESS,TAIWAN,Container,36972,36972,24260,1,24260,18195,704.875,3,2114.625,20.3,20.3,20.09493547,8105.603778,19.62069011,14.33140815,0.716570407,16.79176319,7.191350373,0.2,5.753080298,-11.03868289,2.91874306,Not Comply
ACTIVE,EVER BLINK,TAIWAN,Container,36972,36972,24260,1,24260,18195,704.875,3,2114.625,20.2,20.2,19.99594564,8105.603778,19.62069011,14.33140815,0.716570407,16.79176319,7.191350373,0.2,5.753080298,-11.03868289,2.91874306,Not Comply
ACTIVE,EVER BLOOM,TAIWAN,Container,37301,37301,24260,1,24260,18195,704.875,3,2114.625,19.3,19.3,19.10503718,8145.791561,19.59771406,14.33824434,0.716912217,16.66317026,7.160326959,0.2,5.728261567,-10.9349087,2.908940185,Not Comply
ACTIVE,EVER BOARD,TAIWAN,Container,36972,36972,24260,1,24260,18195,704.875,3,2114.625,19.5,19.5,19.30301684,8105.603778,19.62069011,14.33140815,0.716570407,16.79176319,7.191350373,0.2,5.753080298,-11.03868289,2.91874306,Not Comply
ACTIVE,EVER CALM,PANAMA,Container,22217,22217,13400,1,13400,10050,501.25,3,1503.75,16.2,16.2,16.03635245,6099.654279,17.22023753,13.94383836,0.697191918,18.17377281,9.220404267,0.2,7.376323413,-10.7974494,2.463798262,Not Comply
ACTIVE,EVER CANDID,PANAMA,Container,22383,22383,11720,1,11720,8790,439.5,3,1318.5,17.5,17.5,17.32322024,6125.055212,16.45201786,13.94942691,0.697471346,16.5200663,9.186970413,0.2,7.349576331,-9.170489969,2.247757633,Not Comply
ACTIVE,EVER CAREER,TAIWAN,Container,22149,22149,11960,1,11960,8970,448.5,3,1345.5,12,12,11.87877959,6089.224883,16.58659869,13.94153766,0.697076883,16.89823559,9.234207589,0.2,7.387366071,-9.510869522,2.287450687,Not Comply
ACTIVE,EVER CAST,PANAMA,Container,22398,22398,11960,1,11960,8970,448.5,3,1345.5,16.8,16.8,16.63029143,6127.346371,16.56209287,13.94992997,0.697496498,16.73510206,9.18396746,0.2,7.347173968,-9.387928088,2.277760419,Not Comply
ACTIVE,EVER CENTER,PANAMA,Container,22053,22053,11900,1,11900,8925,446.25,3,1338.75,19,19,18.80806769,6074.476919,16.56833089,13.93827821,0.696913911,16.90527212,9.253802343,0.2,7.403041875,-9.502230244,2.283557544,Not Comply
ACTIVE,EVER CHANT,PANAMA,Container,22390,22390,11960,1,11960,8970,448.5,3,1345.5,16.9,16.9,16.72928126,6126.124503,16.5628754,13.94966171,0.697483086,16.7402906,9.185568662,0.2,7.34845493,-9.391835667,2.278069439,Not Comply
ACTIVE,EVER CHARM,PANAMA,Container,22382,22382,11960,1,11960,8970,448.5,3,1345.5,13.2,13.2,13.06665755,6124.902444,16.56365824,13.94939336,0.697469668,16.7454826,9.187170717,0.2,7.349736573,-9.395746028,2.278378611,Not Comply
ACTIVE,EVER CHASTE,PANAMA,Container,22050,22050,11900,1,11900,8925,446.25,3,1338.75,19.1,19.1,18.90705752,6074.015589,16.568629,13.93817614,0.696908807,16.90726794,9.254416724,0.2,7.403533379,-9.503734563,2.28367552,Not Comply
ACTIVE,EVER CHEER,PANAMA,Container,22405,22405,11960,1,11960,8970,448.5,3,1345.5,17.5,17.5,17.32322024,6128.415346,16.56140841,13.95016462,0.697508231,16.73056492,9.182567105,0.2,7.346053684,-9.384511236,2.277490152,Not Comply
ACTIVE,EVER CLEAR,PANAMA,Container,22383,22383,11720,1,11720,8790,439.5,3,1318.5,15.7,15.7,15.5414033,6125.055212,16.45201786,13.94942691,0.697471346,16.5200663,9.186970413,0.2,7.349576331,-9.170489969,2.247757633,Not Comply
ACTIVE,EVER CLEVER,PANAMA,Container,22389,22389,11720,1,11720,8790,439.5,3,1318.5,15.6,15.6,15.44241347,6125.971757,16.45143468,13.94962817,0.697481409,16.51622457,9.185768873,0.2,7.348615098,-9.167609468,2.247528867,Not Comply
ACTIVE,EVER COMPOSE,PANAMA,Container,22377,22377,11720,1,11720,8790,439.5,3,1318.5,16.4,16.4,16.23433211,6124.138558,16.45260122,13.9492256,0.69746128,16.52390996,9.188172433,0.2,7.350537947,-9.173372011,2.247986485,Not Comply
ACTIVE,EVER CONCISE,PANAMA,Container,22377,22377,11720,1,11720,8790,439.5,3,1318.5,18.4,18.4,18.21412871,6124.138558,16.45260122,13.9492256,0.69746128,16.52390996,9.188172433,0.2,7.350537947,-9.173372011,2.247986485,Not Comply
ACTIVE,EVER CONFORM,PANAMA,Container,22377,22377,11720,1,11720,8790,439.5,3,1318.5,18,18,17.81816939,6124.138558,16.45260122,13.9492256,0.69746128,16.52390996,9.188172433,0.2,7.350537947,-9.173372011,2.247986485,Not Comply
ACTIVE,EVER CONNECT,PANAMA,Container,22400,22400,11720,1,11720,8790,439.5,3,1318.5,16.9,16.9,16.72928126,6127.651807,16.45036597,13.94999702,0.697499851,16.50918638,9.183567292,0.2,7.346853834,-9.162332545,2.247109682,Not Comply
ACTIVE,EVER CONVEY,TAIWAN,Container,22149,22149,11960,1,11960,8970,448.5,3,1345.5,17,17,16.82827109,6089.224883,16.58659869,13.94153766,0.697076883,16.89823559,9.234207589,0.2,7.387366071,-9.510869522,2.287450687,Not Comply
ACTIVE,EVER COPE,PANAMA,Container,22217,22217,13400,1,13400,10050,501.25,3,1503.75,19.7,19.7,19.5009965,6099.654279,17.22023753,13.94383836,0.697191918,18.17377281,9.220404267,0.2,7.376323413,-10.7974494,2.463798262,Not Comply
ACTIVE,EVER CORE,PANAMA,Container,22217,22217,13400,1,13400,10050,501.25,3,1503.75,18,18,17.81816939,6099.654279,17.22023753,13.94383836,0.697191918,18.17377281,9.220404267,0.2,7.376323413,-10.7974494,2.463798262,Not Comply
ACTIVE,EVER COZY,ITALY,Container,22149,22149,11960,1,11960,8970,448.5,3,1345.5,15.9,15.9,15.73938296,6089.224883,16.58659869,13.94153766,0.697076883,16.89823559,9.234207589,0.2,7.387366071,-9.510869522,2.287450687,Not Comply
ACTIVE,EVER CREATE,TAIWAN,Container,22149,22149,11960,1,11960,8970,448.5,3,1345.5,13.1,13.1,12.96766772,6089.224883,16.58659869,13.94153766,0.697076883,16.89823559,9.234207589,0.2,7.387366071,-9.510869522,2.287450687,Not Comply
ACTIVE,EVER CROWN,PANAMA,Container,22363,22363,11720,1,11720,8790,439.5,3,1318.5,19.5,19.5,19.30301684,6121.999278,16.45396308,13.94875567,0.697437784,16.53288598,9.190979013,0.2,7.35278321,-9.180102774,2.2485208,Not Comply
ACTIVE,EVER FASHION,LIBERIA,Container,130573,130573,41080,1,41080,30810,1020.25,3,3060.75,22,22,21.77776258,16394.60396,19.79186675,15.33863283,0.766931641,7.846758291,3.885044476,0.2,3.10803558,-4.73872271,2.524668102,Not Comply
ACTIVE,EVER FAVOR,LIBERIA,Container,130573,130573,41080,1,41080,30810,1020.25,3,3060.75,23.5,23.5,23.26261003,16394.60396,19.79186675,15.33863283,0.766931641,7.846758291,3.885044476,0.2,3.10803558,-4.73872271,2.524668102,Not Comply
ACTIVE,EVER FINE,PANAMA,Container,130573,130573,41080,1,41080,30810,1020.25,3,3060.75,23.1,23.1,22.86665071,16394.60396,19.79186675,15.33863283,0.766931641,7.846758291,3.885044476,0.2,3.10803558,-4.73872271,2.524668102,Not Comply
ACTIVE,EVER FOND,LIBERIA,Container,130573,130573,41080,1,41080,30810,1020.25,3,3060.75,15.9,15.9,15.73938296,16394.60396,19.79186675,15.33863283,0.766931641,7.846758291,3.885044476,0.2,3.10803558,-4.73872271,2.524668102,Not Comply
ACTIVE,EVER FORE,PANAMA,Container,130573,130573,41080,1,41080,30810,1020.25,3,3060.75,23.7,23.7,23.46058969,16394.60396,19.79186675,15.33863283,0.766931641,7.846758291,3.885044476,0.2,3.10803558,-4.73872271,2.524668102,Not Comply
ACTIVE,EVER FULL,LIBERIA,Container,130573,130573,41080,1,41080,30810,1020.25,3,3060.75,17.4,17.4,17.22423041,16394.60396,19.79186675,15.33863283,0.766931641,7.846758291,3.885044476,0.2,3.10803558,-4.73872271,2.524668102,Not Comply
ACTIVE,EVER GIFTED,SINGAPORE,Container,198886,198886,59300,1,59300,44475,1361.875,3,4085.625,13.5,13.5,13.36362704,20735.92478,21.15719857,15.69004282,0.784502141,6.903597588,3.163833276,0.2,2.531066621,-4.372530967,2.727544795,Not Comply
ACTIVE,EVER GLOBE,PANAMA,Container,198937,198937,59300,1,59300,44475,1361.875,3,4085.625,17.7,17.7,17.5211999,20738.89303,21.15648115,15.69025937,0.784512968,6.902061809,3.163437439,0.2,2.530749951,-4.371311858,2.727279242,Not Comply
ACTIVE,EVER GRADE,PANAMA,Container,198886,198886,59300,1,59300,44475,1361.875,3,4085.625,12.1,12.1,11.97776942,20735.92478,21.15719857,15.69004282,0.784502141,6.903597588,3.163833276,0.2,2.531066621,-4.372530967,2.727544795,Not Comply
ACTIVE,EVER GREET,PANAMA,Container,198937,198937,59300,1,59300,44475,1361.875,3,4085.625,16,16,15.83837279,20738.89303,21.15648115,15.69025937,0.784512968,6.902061809,3.163437439,0.2,2.530749951,-4.371311858,2.727279242,Not Comply
ACTIVE,EVER LADEN,PANAMA,Container,103668,103668,56070,1,56070,42052.5,1301.3125,3,3903.9375,26.4,26.4,26.1333151,14413.13459,22.6346298,15.14929488,0.757464744,11.71730747,4.348082965,0.2,3.478466372,-8.238841102,3.36852688,Not Comply
ACTIVE,EVER LOGIC,TAIWAN,Container,103518,103518,56070,1,56070,42052.5,1301.3125,3,3903.9375,26,26,25.73735578,14401.48849,22.63896485,15.14811412,0.757405706,11.73203917,4.351156456,0.2,3.480925165,-8.25111401,3.370379603,Not Comply
ACTIVE,EVER LOTUS,PANAMA,Container,103723,103723,56070,1,56070,42052.5,1301.3125,3,3903.9375,25.9,25.9,25.63836595,14417.40296,22.63304207,15.14972742,0.757486371,11.71191582,4.346957675,0.2,3.47756614,-8.23434968,3.367848474,Not Comply
ACTIVE,EVER LOYAL,TAIWAN,Container,103668,103668,56070,1,56070,42052.5,1301.3125,3,3903.9375,26.1,26.1,25.83634561,14413.13459,22.6346298,15.14929488,0.757464744,11.71730747,4.348082965,0.2,3.478466372,-8.238841102,3.36852688,Not Comply
ACTIVE,EVER LUCID,TAIWAN,Container,103891,103891,56070,1,56070,42052.5,1301.3125,3,3903.9375,26.5,26.5,26.23230493,14430.4347,22.62819815,15.15104729,0.757552364,11.69547979,4.343525919,0.2,3.474820735,-8.220659051,3.365779324,Not Comply
ACTIVE,EVER LUCKY,PANAMA,Container,103668,103668,56070,1,56070,42052.5,1301.3125,3,3903.9375,25.8,25.8,25.53937612,14413.13459,22.6346298,15.14929488,0.757464744,11.71730747,4.348082965,0.2,3.478466372,-8.238841102,3.36852688,Not Comply
ACTIVE,EVER LUNAR,TAIWAN,Container,103891,103891,56070,1,56070,42052.5,1301.3125,3,3903.9375,27,27,26.72725408,14430.4347,22.62819815,15.15104729,0.757552364,11.69547979,4.343525919,0.2,3.474820735,-8.220659051,3.365779324,Not Comply
ACTIVE,EVER LYRIC,TAIWAN,Container,103891,103891,56070,1,56070,42052.5,1301.3125,3,3903.9375,27.1,27.1,26.82624391,14430.4347,22.62819815,15.15104729,0.757552364,11.69547979,4.343525919,0.2,3.474820735,-8.220659051,3.365779324,Not Comply
ACTIVE,EVER MACH,SINGAPORE,Container,156238,156238,48500,1,48500,36375,1159.375,3,3478.125,21.9,21.9,21.67877275,18122.07684,20.4275679,15.48751715,0.774375858,7.472914306,3.559299636,0.2,2.847439709,-4.625474597,2.624432849,Not Comply
ACTIVE,EVER MAX,SINGAPORE,Container,156174,156174,48500,1,48500,36375,1159.375,3,3478.125,22.4,22.4,22.1737219,18117.93229,20.42867485,15.48717558,0.774358779,7.475571607,3.560011357,0.2,2.848009086,-4.627562521,2.624841207,Not Comply
ACTIVE,EVER OASIS,HONG KONG,Container,32963,32963,15000,1,15000,11250,531.25,3,1593.75,15.5,15.5,15.34342364,7602.531411,16.9709802,14.24313671,0.712156836,13.80587679,7.605633627,0.2,6.084506902,-7.721369891,2.26902147,Not Comply
ACTIVE,EVER OATH,PANAMA,Container,33541,33541,14150,1,14150,10612.5,515.3125,3,1545.9375,18.8,18.8,18.61008803,7676.666646,16.60594308,14.25647052,0.712823526,13.13155445,7.541389194,0.2,6.033111355,-7.098443092,2.176580818,Not Comply
ACTIVE,EVER OBEY,PANAMA,Container,33541,33541,14150,1,14150,10612.5,515.3125,3,1545.9375,18.1,18.1,17.91715922,7676.666646,16.60594308,14.25647052,0.712823526,13.13155445,7.541389194,0.2,6.033111355,-7.098443092,2.176580818,Not Comply
ACTIVE,EVER OCEAN,HONG KONG,Container,32831,32831,15000,1,15000,11250,531.25,3,1593.75,18.5,18.5,18.31311854,7585.520537,16.97998881,14.2400606,0.71200303,13.85403051,7.620540918,0.2,6.096432734,-7.757597773,2.272481484,Not Comply
ACTIVE,EVER ONWARD,LIBERIA,Container,33501,33501,14150,1,14150,10612.5,515.3125,3,1545.9375,17.4,17.4,17.22423041,7671.554448,16.60856403,14.25555479,0.71277774,13.14515872,7.545781987,0.2,6.036625589,-7.108533132,2.177567339,Not Comply
ACTIVE,EVER OPUS,PANAMA,Container,33577,33577,14150,1,14150,10612.5,515.3125,3,1545.9375,18.2,18.2,18.01614905,7681.265321,16.60358725,14.25729379,0.712864689,13.11933648,7.53744234,0.2,6.029953872,-7.089382611,2.175694336,Not Comply
ACTIVE,EVER ORDER,HONG KONG,Container,32812,32812,15000,1,15000,11250,531.25,3,1593.75,20.9,20.9,20.68887445,7583.069516,16.98128888,14.23961687,0.711980843,13.86099151,7.622694008,0.2,6.098155206,-7.762836302,2.272981097,Not Comply
ACTIVE,EVER ORIENT,HONG KONG,Container,32926,32926,15000,1,15000,11250,531.25,3,1593.75,16.7,16.7,16.5313016,7597.766251,16.97350121,14.24227565,0.712113782,13.81933805,7.609803215,0.2,6.087842572,-7.731495482,2.269989391,Not Comply
ACTIVE,EVER ORIGIN,LIBERIA,Container,33541,33541,14150,1,14150,10612.5,515.3125,3,1545.9375,18.9,18.9,18.70907786,7676.666646,16.60594308,14.25647052,0.712823526,13.13155445,7.541389194,0.2,6.033111355,-7.098443092,2.176580818,Not Comply
ACTIVE,EVER OUTWIT,PANAMA,Container,33544,33544,14150,1,14150,10612.5,515.3125,3,1545.9375,18.3,18.3,18.11513888,7677.049952,16.60574665,14.25653916,0.712826958,13.13053535,7.541060049,0.2,6.032848039,-7.097687309,2.176506894,Not Comply
ACTIVE,EVER OWN,PANAMA,Container,33496,33496,14150,1,14150,10612.5,515.3125,3,1545.9375,16.9,16.9,16.72928126,7670.915234,16.60889189,14.25544025,0.712772013,13.14686139,7.546331634,0.2,6.037065308,-7.109796081,2.177690768,Not Comply
ACTIVE,EVER PEARL,SINGAPORE,Container,19309,19309,12480,1,12480,9360,468,3,1404,21.5,21.5,21.28281343,5640.178865,17.13169055,13.83893639,0.691946819,19.58286468,9.873739652,0.1913625,7.984276148,-11.59858853,2.45267878,Not Comply
ACTIVE,EVER PRIDE,UNITED KINGDOM,Container,19309,19309,12480,1,12480,9360,468,3,1404,21.4,21.4,21.1838236,5640.178865,17.13169055,13.83893639,0.691946819,19.58286468,9.873739652,0.1913625,7.984276148,-11.59858853,2.45267878,Not Comply
ACTIVE,EVER PRIMA,UNITED KINGDOM,Container,19311,19311,12480,1,12480,9360,468,3,1404,21.2,21.2,20.98584394,5640.504994,17.13145588,13.83901354,0.691950677,19.58110475,9.873240608,0.1913875,7.983625771,-11.59747898,2.452658142,Not Comply
ACTIVE,EVER SAFETY,SINGAPORE,Container,78268,78268,54900,1,54900,41175,1279.375,3,3838.125,17.2,17.2,17.02625075,12320.17726,23.32727297,14.92182366,0.746091183,14.75056048,4.987275255,0.2,3.989820204,-10.76074028,3.697048921,Not Comply
ACTIVE,EVER SUPERB,SINGAPORE,Container,78268,78268,54900,1,54900,41175,1279.375,3,3838.125,18.2,18.2,18.01614905,12320.17726,23.32727297,14.92182366,0.746091183,14.75056048,4.987275255,0.2,3.989820204,-10.76074028,3.697048921,Not Comply
ACTIVE,EVER TOP,PANAMA,Container,152344,152344,53250,1,53250,39937.5,1248.4375,3,3745.3125,18.1,18.1,17.91715922,17868.52495,21.14425208,15.46648956,0.773324478,8.114040084,3.603409943,0.2,2.882727955,-5.23131213,2.814708919,Not Comply
ACTIVE,EVER UNITY,PANAMA,Container,63216,63216,48600,1,48600,36450,1161.25,3,3483.75,17.9,17.9,17.71917956,10935.39081,23.04020687,14.75124859,0.73756243,16.4080007,5.535143232,0.2,4.428114586,-11.97988611,3.705414659,Not Comply
ACTIVE,EVER URANUS,PANAMA,Container,63216,63216,48600,1,48600,36450,1161.25,3,3483.75,18.5,18.5,18.31311854,10935.39081,23.04020687,14.75124859,0.73756243,16.4080007,5.535143232,0.2,4.428114586,-11.97988611,3.705414659,Not Comply
ACTIVE,EVER URBAN,PANAMA,Container,63216,63216,48600,1,48600,36450,1161.25,3,3483.75,17.4,17.4,17.22423041,10935.39081,23.04020687,14.75124859,0.73756243,16.4080007,5.535143232,0.2,4.428114586,-11.97988611,3.705414659,Not Comply
ACTIVE,EVER URSULA,PANAMA,Container,63216,63216,48600,1,48600,36450,1161.25,3,3483.75,20.2,20.2,19.99594564,10935.39081,23.04020687,14.75124859,0.73756243,16.4080007,5.535143232,0.2,4.428114586,-11.97988611,3.705414659,Not Comply
ACTIVE,EVER USEFUL,PANAMA,Container,63216,63216,48600,1,48600,36450,1161.25,3,3483.75,20.4,20.4,20.1939253,10935.39081,23.04020687,14.75124859,0.73756243,16.4080007,5.535143232,0.2,4.428114586,-11.97988611,3.705414659,Not Comply
